Disease,Method,K,Precision,Recall,F1
C0006142_Malignant_neoplasm_of_breast,XGDAG - GNNExplainer,25,0.8,0.003930817610062893,0.007823195775474282
C0006142_Malignant_neoplasm_of_breast,XGDAG - GNNExplainer,50,0.72,0.007075471698113208,0.014013234721681589
C0006142_Malignant_neoplasm_of_breast,XGDAG - GNNExplainer,100,0.75,0.01474056603773585,0.02891287586738627
C0006142_Malignant_neoplasm_of_breast,XGDAG - GNNExplainer,200,0.71,0.02790880503144654,0.05370650529500756
C0006142_Malignant_neoplasm_of_breast,XGDAG - GNNExplainer,500,0.638,0.06269654088050315,0.1141732283464567
C0006142_Malignant_neoplasm_of_breast,XGDAG - GNNExplainer,750,0.6173333333333333,0.09099842767295598,0.15861596437136005
C0006142_Malignant_neoplasm_of_breast,XGDAG - GNNExplainer,1000,0.588,0.11556603773584906,0.19316688567674115
C0006142_Malignant_neoplasm_of_breast,XGDAG - GNNExplainer,1500,0.5466666666666666,0.1611635220125786,0.24893746205221612
C0006142_Malignant_neoplasm_of_breast,XGDAG - GNNExplainer,2000,0.5175,0.2034198113207547,0.29204288939051914
C0006142_Malignant_neoplasm_of_breast,XGDAG - GNNExplainer,2500,0.496,0.24371069182389937,0.32683183974696894
C0006142_Malignant_neoplasm_of_breast,XGDAG - GNNExplainer,3000,0.487,0.28714622641509435,0.3612759643916914
C0006142_Malignant_neoplasm_of_breast,XGDAG - GraphSVX,25,0.8,0.003930817610062893,0.007823195775474282
C0006142_Malignant_neoplasm_of_breast,XGDAG - GraphSVX,50,0.72,0.007075471698113208,0.014013234721681589
C0006142_Malignant_neoplasm_of_breast,XGDAG - GraphSVX,100,0.75,0.01474056603773585,0.02891287586738627
C0006142_Malignant_neoplasm_of_breast,XGDAG - GraphSVX,200,0.715,0.028105345911949686,0.05408472012102875
C0006142_Malignant_neoplasm_of_breast,XGDAG - GraphSVX,500,0.644,0.06328616352201258,0.11524695776664282
C0006142_Malignant_neoplasm_of_breast,XGDAG - GraphSVX,750,0.6173333333333333,0.09099842767295598,0.15861596437136005
C0006142_Malignant_neoplasm_of_breast,XGDAG - GraphSVX,1000,0.588,0.11556603773584906,0.19316688567674115
C0006142_Malignant_neoplasm_of_breast,XGDAG - GraphSVX,1500,0.5466666666666666,0.1611635220125786,0.24893746205221612
C0006142_Malignant_neoplasm_of_breast,XGDAG - GraphSVX,2000,0.519,0.20400943396226415,0.2928893905191874
C0006142_Malignant_neoplasm_of_breast,XGDAG - GraphSVX,2500,0.4976,0.24449685534591195,0.3278861360042172
C0006142_Malignant_neoplasm_of_breast,XGDAG - GraphSVX,3000,0.493,0.29068396226415094,0.36572700296735905
C0006142_Malignant_neoplasm_of_breast,DIAMOnD,25,0.88,0.004323899371069182,0.00860551535302171
C0006142_Malignant_neoplasm_of_breast,DIAMOnD,50,0.78,0.0076650943396226415,0.015181004281821722
C0006142_Malignant_neoplasm_of_breast,DIAMOnD,100,0.72,0.014150943396226415,0.027756360832690823
C0006142_Malignant_neoplasm_of_breast,DIAMOnD,200,0.7,0.027515723270440252,0.0529500756429652
C0006142_Malignant_neoplasm_of_breast,DIAMOnD,500,0.612,0.060141509433962265,0.10952040085898354
C0006142_Malignant_neoplasm_of_breast,DIAMOnD,750,0.5853333333333334,0.0862814465408805,0.15039397053785541
C0006142_Malignant_neoplasm_of_breast,DIAMOnD,1000,0.516,0.10141509433962265,0.1695137976346912
C0006142_Malignant_neoplasm_of_breast,DIAMOnD,1500,0.5113333333333333,0.15074685534591195,0.23284760170006072
C0006142_Malignant_neoplasm_of_breast,DIAMOnD,2000,0.527,0.20715408805031446,0.2974040632054176
C0006142_Malignant_neoplasm_of_breast,DIAMOnD,2500,0.5108,0.25098270440251574,0.33658408012651553
C0006142_Malignant_neoplasm_of_breast,DIAMOnD,3000,0.49366666666666664,0.2910770440251572,0.36622156280909995
C0006142_Malignant_neoplasm_of_breast,MCL,25,0.44,0.002161949685534591,0.004302757676510855
C0006142_Malignant_neoplasm_of_breast,MCL,50,0.42,0.004127358490566038,0.008174386920980926
C0006142_Malignant_neoplasm_of_breast,MCL,100,0.43,0.00845125786163522,0.016576715497301466
C0006142_Malignant_neoplasm_of_breast,MCL,200,0.5,0.019654088050314465,0.037821482602118005
C0006142_Malignant_neoplasm_of_breast,MCL,500,0.48,0.04716981132075472,0.08589835361488905
C0006142_Malignant_neoplasm_of_breast,MCL,750,0.468,0.06898584905660378,0.12024665981500512
C0006142_Malignant_neoplasm_of_breast,MCL,1000,0.434,0.08529874213836477,0.14257555847568987
C0006142_Malignant_neoplasm_of_breast,MCL,1500,0.418,0.12323113207547169,0.1903460837887067
C0006142_Malignant_neoplasm_of_breast,MCL,2000,0.408,0.16037735849056603,0.23024830699774265
C0006142_Malignant_neoplasm_of_breast,MCL,2500,0.396,0.1945754716981132,0.26093832366895103
C0006142_Malignant_neoplasm_of_breast,MCL,3000,0.37533333333333335,0.22130503144654087,0.27843719090009894
C0006142_Malignant_neoplasm_of_breast,RWR,25,0.76,0.0037342767295597485,0.007432035986700568
C0006142_Malignant_neoplasm_of_breast,RWR,50,0.62,0.006092767295597485,0.012066952121448035
C0006142_Malignant_neoplasm_of_breast,RWR,100,0.46,0.009040880503144654,0.017733230531996918
C0006142_Malignant_neoplasm_of_breast,RWR,200,0.5,0.019654088050314465,0.037821482602118005
C0006142_Malignant_neoplasm_of_breast,RWR,500,0.464,0.04559748427672956,0.08303507516105942
C0006142_Malignant_neoplasm_of_breast,RWR,750,0.508,0.07488207547169812,0.13052415210688592
C0006142_Malignant_neoplasm_of_breast,RWR,1000,0.504,0.09905660377358491,0.16557161629434955
C0006142_Malignant_neoplasm_of_breast,RWR,1500,0.4706666666666667,0.13875786163522014,0.2143290831815422
C0006142_Malignant_neoplasm_of_breast,RWR,2000,0.4725,0.1857311320754717,0.26664785553047404
C0006142_Malignant_neoplasm_of_breast,RWR,2500,0.4388,0.2156053459119497,0.28914074855034266
C0006142_Malignant_neoplasm_of_breast,RWR,3000,0.4103333333333333,0.24194182389937108,0.3044015825914936
C0006142_Malignant_neoplasm_of_breast,XG-PUL,25,1.0,0.004913522012578616,0.00977899471934285
C0006142_Malignant_neoplasm_of_breast,XG-PUL,50,1.0,0.009827044025157232,0.019462826002335537
C0006142_Malignant_neoplasm_of_breast,XG-PUL,100,1.0,0.019654088050314465,0.03855050115651503
C0006142_Malignant_neoplasm_of_breast,XG-PUL,200,1.0,0.03930817610062893,0.07564296520423601
C0006142_Malignant_neoplasm_of_breast,XG-PUL,500,0.988,0.09709119496855347,0.17680744452397995
C0006142_Malignant_neoplasm_of_breast,XG-PUL,750,0.9573333333333334,0.14111635220125787,0.2459746488523467
C0006142_Malignant_neoplasm_of_breast,XG-PUL,1000,0.923,0.1814072327044025,0.3032194480946124
C0006142_Malignant_neoplasm_of_breast,XG-PUL,1500,0.8533333333333334,0.25157232704402516,0.3885853066180935
C0006142_Malignant_neoplasm_of_breast,XG-PUL,2000,0.7975,0.31348270440251574,0.45005643340857787
C0006142_Malignant_neoplasm_of_breast,XG-PUL,2500,0.7568,0.3718553459119497,0.49868212967843967
C0006142_Malignant_neoplasm_of_breast,XG-PUL,3000,0.7096666666666667,0.418435534591195,0.5264589515331355
C0009402_Colorectal_Carcinoma,XGDAG - GNNExplainer,25,0.68,0.004174852652259332,0.008298755186721992
C0009402_Colorectal_Carcinoma,XGDAG - GNNExplainer,50,0.72,0.008840864440078585,0.017467248908296942
C0009402_Colorectal_Carcinoma,XGDAG - GNNExplainer,100,0.66,0.016208251473477406,0.03163950143815916
C0009402_Colorectal_Carcinoma,XGDAG - GNNExplainer,200,0.645,0.03167976424361493,0.060393258426966294
C0009402_Colorectal_Carcinoma,XGDAG - GNNExplainer,500,0.574,0.07048133595284872,0.12554680664916884
C0009402_Colorectal_Carcinoma,XGDAG - GNNExplainer,750,0.5453333333333333,0.10044204322200392,0.1696391538780589
C0009402_Colorectal_Carcinoma,XGDAG - GNNExplainer,1000,0.51,0.12524557956777996,0.20110410094637224
C0009402_Colorectal_Carcinoma,XGDAG - GNNExplainer,1500,0.47333333333333333,0.1743614931237721,0.25484565685570715
C0009402_Colorectal_Carcinoma,XGDAG - GNNExplainer,2000,0.436,0.21414538310412573,0.2872200263504611
C0009402_Colorectal_Carcinoma,XGDAG - GNNExplainer,2500,0.4172,0.256139489194499,0.31740718198417534
C0009402_Colorectal_Carcinoma,XGDAG - GNNExplainer,3000,0.406,0.29911591355599215,0.3444570135746607
C0009402_Colorectal_Carcinoma,XGDAG - GraphSVX,25,0.68,0.004174852652259332,0.008298755186721992
C0009402_Colorectal_Carcinoma,XGDAG - GraphSVX,50,0.72,0.008840864440078585,0.017467248908296942
C0009402_Colorectal_Carcinoma,XGDAG - GraphSVX,100,0.65,0.015962671905697445,0.0311601150527325
C0009402_Colorectal_Carcinoma,XGDAG - GraphSVX,200,0.645,0.03167976424361493,0.060393258426966294
C0009402_Colorectal_Carcinoma,XGDAG - GraphSVX,500,0.578,0.07097249508840864,0.126421697287839
C0009402_Colorectal_Carcinoma,XGDAG - GraphSVX,750,0.5493333333333333,0.10117878192534381,0.1708834508502696
C0009402_Colorectal_Carcinoma,XGDAG - GraphSVX,1000,0.511,0.12549115913555992,0.20149842271293372
C0009402_Colorectal_Carcinoma,XGDAG - GraphSVX,1500,0.4706666666666667,0.17337917485265225,0.25340990667623836
C0009402_Colorectal_Carcinoma,XGDAG - GraphSVX,2000,0.44,0.21611001964636542,0.2898550724637681
C0009402_Colorectal_Carcinoma,XGDAG - GraphSVX,2500,0.4164,0.2556483300589391,0.31679853925745594
C0009402_Colorectal_Carcinoma,XGDAG - GraphSVX,3000,0.4043333333333333,0.29788801571709234,0.34304298642533937
C0009402_Colorectal_Carcinoma,DIAMOnD,25,0.6,0.0036836935166994107,0.00732243104710764
C0009402_Colorectal_Carcinoma,DIAMOnD,50,0.76,0.009332023575638507,0.018437651625424552
C0009402_Colorectal_Carcinoma,DIAMOnD,100,0.78,0.019155206286836934,0.037392138063279
C0009402_Colorectal_Carcinoma,DIAMOnD,200,0.75,0.03683693516699411,0.0702247191011236
C0009402_Colorectal_Carcinoma,DIAMOnD,500,0.576,0.07072691552062868,0.12598425196850394
C0009402_Colorectal_Carcinoma,DIAMOnD,750,0.4826666666666667,0.08889980353634577,0.15014516798009125
C0009402_Colorectal_Carcinoma,DIAMOnD,1000,0.45,0.11051080550098231,0.17744479495268137
C0009402_Colorectal_Carcinoma,DIAMOnD,1500,0.408,0.15029469548133595,0.21966977745872218
C0009402_Colorectal_Carcinoma,DIAMOnD,2000,0.376,0.18467583497053044,0.2476943346508564
C0009402_Colorectal_Carcinoma,DIAMOnD,2500,0.354,0.21733791748526524,0.26932440657334145
C0009402_Colorectal_Carcinoma,DIAMOnD,3000,0.3456666666666667,0.2546660117878193,0.2932692307692307
C0009402_Colorectal_Carcinoma,MCL,25,0.4,0.002455795677799607,0.004881620698071759
C0009402_Colorectal_Carcinoma,MCL,50,0.34,0.004174852652259332,0.008248423095584668
C0009402_Colorectal_Carcinoma,MCL,100,0.34,0.008349705304518664,0.016299137104506232
C0009402_Colorectal_Carcinoma,MCL,200,0.4,0.019646365422396856,0.037453183520599245
C0009402_Colorectal_Carcinoma,MCL,500,0.412,0.050589390962671905,0.09011373578302713
C0009402_Colorectal_Carcinoma,MCL,750,0.396,0.07293713163064833,0.1231854002488594
C0009402_Colorectal_Carcinoma,MCL,1000,0.362,0.08889980353634577,0.14274447949526814
C0009402_Colorectal_Carcinoma,MCL,1500,0.3473333333333333,0.12794695481335952,0.18700646087580758
C0009402_Colorectal_Carcinoma,MCL,2000,0.327,0.1606090373280943,0.21541501976284583
C0009402_Colorectal_Carcinoma,MCL,2500,0.316,0.19400785854616895,0.24041387705416922
C0009402_Colorectal_Carcinoma,MCL,3000,0.29933333333333334,0.22053045186640471,0.25395927601809953
C0009402_Colorectal_Carcinoma,RWR,25,0.48,0.0029469548133595285,0.005857944837686112
C0009402_Colorectal_Carcinoma,RWR,50,0.46,0.005648330058939097,0.011159631246967493
C0009402_Colorectal_Carcinoma,RWR,100,0.38,0.009332023575638507,0.01821668264621285
C0009402_Colorectal_Carcinoma,RWR,200,0.41,0.02013752455795678,0.038389513108614236
C0009402_Colorectal_Carcinoma,RWR,500,0.416,0.05108055009823183,0.09098862642169729
C0009402_Colorectal_Carcinoma,RWR,750,0.4226666666666667,0.07784872298624755,0.13148071339693074
C0009402_Colorectal_Carcinoma,RWR,1000,0.434,0.10658153241650295,0.17113564668769715
C0009402_Colorectal_Carcinoma,RWR,1500,0.4066666666666667,0.14980353634577603,0.21895190236898782
C0009402_Colorectal_Carcinoma,RWR,2000,0.3945,0.193762278978389,0.2598814229249012
C0009402_Colorectal_Carcinoma,RWR,2500,0.3748,0.23010805500982318,0.2851491174680463
C0009402_Colorectal_Carcinoma,RWR,3000,0.344,0.25343811394891946,0.29185520361990946
C0009402_Colorectal_Carcinoma,XG-PUL,25,1.0,0.006139489194499017,0.012204051745179398
C0009402_Colorectal_Carcinoma,XG-PUL,50,1.0,0.012278978388998035,0.024260067928190198
C0009402_Colorectal_Carcinoma,XG-PUL,100,0.97,0.02382121807465619,0.04650047938638543
C0009402_Colorectal_Carcinoma,XG-PUL,200,0.93,0.04567779960707269,0.08707865168539326
C0009402_Colorectal_Carcinoma,XG-PUL,500,0.844,0.10363457760314342,0.18460192475940507
C0009402_Colorectal_Carcinoma,XG-PUL,750,0.7973333333333333,0.1468565815324165,0.24802986312733308
C0009402_Colorectal_Carcinoma,XG-PUL,1000,0.761,0.1868860510805501,0.30007886435331227
C0009402_Colorectal_Carcinoma,XG-PUL,1500,0.7046666666666667,0.2595776031434185,0.37939698492462315
C0009402_Colorectal_Carcinoma,XG-PUL,2000,0.6415,0.3150785854616896,0.4225955204216074
C0009402_Colorectal_Carcinoma,XG-PUL,2500,0.5876,0.3607563850687623,0.4470480827754108
C0009402_Colorectal_Carcinoma,XG-PUL,3000,0.5563333333333333,0.40987229862475444,0.4720022624434389
C0023893_Liver_Cirrhosis,XGDAG - GNNExplainer,25,0.04,0.011235955056179775,0.017543859649122806
C0023893_Liver_Cirrhosis,XGDAG - GNNExplainer,50,0.04,0.02247191011235955,0.02877697841726619
C0023893_Liver_Cirrhosis,XGDAG - GNNExplainer,100,0.02,0.02247191011235955,0.021164021164021163
C0023893_Liver_Cirrhosis,XGDAG - GNNExplainer,200,0.015,0.033707865168539325,0.020761245674740483
C0023893_Liver_Cirrhosis,XGDAG - GNNExplainer,500,0.02,0.11235955056179775,0.03395585738539899
C0023893_Liver_Cirrhosis,XGDAG - GNNExplainer,750,0.016,0.1348314606741573,0.028605482717520853
C0023893_Liver_Cirrhosis,XGDAG - GNNExplainer,1000,0.016,0.1797752808988764,0.029384756657483926
C0023893_Liver_Cirrhosis,XGDAG - GNNExplainer,1500,0.013333333333333334,0.2247191011235955,0.025173064820641914
C0023893_Liver_Cirrhosis,XGDAG - GNNExplainer,2000,0.0135,0.30337078651685395,0.02584968884633796
C0023893_Liver_Cirrhosis,XGDAG - GNNExplainer,2500,0.012,0.33707865168539325,0.023174971031286212
C0023893_Liver_Cirrhosis,XGDAG - GNNExplainer,3000,0.010333333333333333,0.34831460674157305,0.020071220459695692
C0023893_Liver_Cirrhosis,XGDAG - GraphSVX,25,0.04,0.011235955056179775,0.017543859649122806
C0023893_Liver_Cirrhosis,XGDAG - GraphSVX,50,0.04,0.02247191011235955,0.02877697841726619
C0023893_Liver_Cirrhosis,XGDAG - GraphSVX,100,0.02,0.02247191011235955,0.021164021164021163
C0023893_Liver_Cirrhosis,XGDAG - GraphSVX,200,0.015,0.033707865168539325,0.020761245674740483
C0023893_Liver_Cirrhosis,XGDAG - GraphSVX,500,0.022,0.12359550561797752,0.037351443123938885
C0023893_Liver_Cirrhosis,XGDAG - GraphSVX,750,0.02,0.16853932584269662,0.03575685339690108
C0023893_Liver_Cirrhosis,XGDAG - GraphSVX,1000,0.017,0.19101123595505617,0.03122130394857668
C0023893_Liver_Cirrhosis,XGDAG - GraphSVX,1500,0.014666666666666666,0.24719101123595505,0.027690371302706105
C0023893_Liver_Cirrhosis,XGDAG - GraphSVX,2000,0.0135,0.30337078651685395,0.02584968884633796
C0023893_Liver_Cirrhosis,XGDAG - GraphSVX,2500,0.012,0.33707865168539325,0.023174971031286212
C0023893_Liver_Cirrhosis,XGDAG - GraphSVX,3000,0.010333333333333333,0.34831460674157305,0.020071220459695692
C0023893_Liver_Cirrhosis,DIAMOnD,25,0.0,0.0,0.0
C0023893_Liver_Cirrhosis,DIAMOnD,50,0.0,0.0,0.0
C0023893_Liver_Cirrhosis,DIAMOnD,100,0.0,0.0,0.0
C0023893_Liver_Cirrhosis,DIAMOnD,200,0.0,0.0,0.0
C0023893_Liver_Cirrhosis,DIAMOnD,500,0.0,0.0,0.0
C0023893_Liver_Cirrhosis,DIAMOnD,750,0.0026666666666666666,0.02247191011235955,0.004767580452920143
C0023893_Liver_Cirrhosis,DIAMOnD,1000,0.002,0.02247191011235955,0.003673094582185491
C0023893_Liver_Cirrhosis,DIAMOnD,1500,0.0013333333333333333,0.02247191011235955,0.0025173064820641915
C0023893_Liver_Cirrhosis,DIAMOnD,2000,0.001,0.02247191011235955,0.0019147917663954043
C0023893_Liver_Cirrhosis,DIAMOnD,2500,0.0008,0.02247191011235955,0.001544998068752414
C0023893_Liver_Cirrhosis,DIAMOnD,3000,0.0006666666666666666,0.02247191011235955,0.0012949174490126255
C0023893_Liver_Cirrhosis,MCL,25,0.0,0.0,0.0
C0023893_Liver_Cirrhosis,MCL,50,0.0,0.0,0.0
C0023893_Liver_Cirrhosis,MCL,100,0.03,0.033707865168539325,0.031746031746031744
C0023893_Liver_Cirrhosis,MCL,200,0.015,0.033707865168539325,0.020761245674740483
C0023893_Liver_Cirrhosis,MCL,500,0.008,0.0449438202247191,0.013582342954159592
C0023893_Liver_Cirrhosis,MCL,750,0.006666666666666667,0.056179775280898875,0.011918951132300359
C0023893_Liver_Cirrhosis,MCL,1000,0.006,0.06741573033707865,0.011019283746556472
C0023893_Liver_Cirrhosis,MCL,1500,0.006666666666666667,0.11235955056179775,0.012586532410320957
C0023893_Liver_Cirrhosis,MCL,2000,0.005,0.11235955056179775,0.009573958831977022
C0023893_Liver_Cirrhosis,MCL,2500,0.004,0.11235955056179775,0.00772499034376207
C0023893_Liver_Cirrhosis,MCL,3000,0.0033333333333333335,0.11235955056179775,0.006474587245063128
C0023893_Liver_Cirrhosis,RWR,25,0.0,0.0,0.0
C0023893_Liver_Cirrhosis,RWR,50,0.02,0.011235955056179775,0.014388489208633094
C0023893_Liver_Cirrhosis,RWR,100,0.03,0.033707865168539325,0.031746031746031744
C0023893_Liver_Cirrhosis,RWR,200,0.015,0.033707865168539325,0.020761245674740483
C0023893_Liver_Cirrhosis,RWR,500,0.018,0.10112359550561797,0.03056027164685908
C0023893_Liver_Cirrhosis,RWR,750,0.014666666666666666,0.12359550561797752,0.026221692491060787
C0023893_Liver_Cirrhosis,RWR,1000,0.013,0.14606741573033707,0.02387511478420569
C0023893_Liver_Cirrhosis,RWR,1500,0.012666666666666666,0.21348314606741572,0.02391441157960982
C0023893_Liver_Cirrhosis,RWR,2000,0.0115,0.25842696629213485,0.02202010531354715
C0023893_Liver_Cirrhosis,RWR,2500,0.01,0.2808988764044944,0.019312475859405175
C0023893_Liver_Cirrhosis,RWR,3000,0.009,0.30337078651685395,0.01748138556167044
C0023893_Liver_Cirrhosis,XG-PUL,25,0.28,0.07865168539325842,0.12280701754385967
C0023893_Liver_Cirrhosis,XG-PUL,50,0.18,0.10112359550561797,0.12949640287769787
C0023893_Liver_Cirrhosis,XG-PUL,100,0.1,0.11235955056179775,0.10582010582010581
C0023893_Liver_Cirrhosis,XG-PUL,200,0.075,0.16853932584269662,0.10380622837370243
C0023893_Liver_Cirrhosis,XG-PUL,500,0.056,0.3146067415730337,0.09507640067911716
C0023893_Liver_Cirrhosis,XG-PUL,750,0.048,0.4044943820224719,0.08581644815256258
C0023893_Liver_Cirrhosis,XG-PUL,1000,0.039,0.43820224719101125,0.07162534435261708
C0023893_Liver_Cirrhosis,XG-PUL,1500,0.03133333333333333,0.5280898876404494,0.0591567023285085
C0023893_Liver_Cirrhosis,XG-PUL,2000,0.025,0.5617977528089888,0.04786979415988511
C0023893_Liver_Cirrhosis,XG-PUL,2500,0.0216,0.6067415730337079,0.04171494785631519
C0023893_Liver_Cirrhosis,XG-PUL,3000,0.019333333333333334,0.651685393258427,0.03755260602136614
C0036341_Schizophrenia,XGDAG - GNNExplainer,25,0.32,0.004670169293636894,0.009205983889528193
C0036341_Schizophrenia,XGDAG - GNNExplainer,50,0.26,0.007589025102159953,0.01474758933635848
C0036341_Schizophrenia,XGDAG - GNNExplainer,100,0.28,0.01634559252772913,0.03088803088803089
C0036341_Schizophrenia,XGDAG - GNNExplainer,200,0.285,0.03327495621716287,0.059592263460533194
C0036341_Schizophrenia,XGDAG - GNNExplainer,500,0.222,0.0647985989492119,0.10031631269769543
C0036341_Schizophrenia,XGDAG - GNNExplainer,750,0.21333333333333335,0.09340338587273789,0.12992285830288267
C0036341_Schizophrenia,XGDAG - GNNExplainer,1000,0.196,0.11441914769410391,0.1444894950239587
C0036341_Schizophrenia,XGDAG - GNNExplainer,1500,0.17733333333333334,0.15528312901342672,0.1655773420479303
C0036341_Schizophrenia,XGDAG - GNNExplainer,2000,0.1625,0.18972562755399883,0.17506059789927284
C0036341_Schizophrenia,XGDAG - GNNExplainer,2500,0.1564,0.22825452422650322,0.18561595062900546
C0036341_Schizophrenia,XGDAG - GNNExplainer,3000,0.15066666666666667,0.2638645650904845,0.19180988754508804
C0036341_Schizophrenia,XGDAG - GraphSVX,25,0.32,0.004670169293636894,0.009205983889528193
C0036341_Schizophrenia,XGDAG - GraphSVX,50,0.26,0.007589025102159953,0.01474758933635848
C0036341_Schizophrenia,XGDAG - GraphSVX,100,0.28,0.01634559252772913,0.03088803088803089
C0036341_Schizophrenia,XGDAG - GraphSVX,200,0.285,0.03327495621716287,0.059592263460533194
C0036341_Schizophrenia,XGDAG - GraphSVX,500,0.224,0.06538237011091652,0.10122006326253954
C0036341_Schizophrenia,XGDAG - GraphSVX,750,0.21333333333333335,0.09340338587273789,0.12992285830288267
C0036341_Schizophrenia,XGDAG - GraphSVX,1000,0.197,0.11500291885580852,0.14522668632510136
C0036341_Schizophrenia,XGDAG - GraphSVX,1500,0.178,0.15586690017513136,0.1661998132586368
C0036341_Schizophrenia,XGDAG - GraphSVX,2000,0.1635,0.19089316987740806,0.17613789388634526
C0036341_Schizophrenia,XGDAG - GraphSVX,2500,0.1528,0.2230005837711617,0.18134346071682886
C0036341_Schizophrenia,XGDAG - GraphSVX,3000,0.15133333333333332,0.26503210741389377,0.19265860386165923
C0036341_Schizophrenia,DIAMOnD,25,0.36,0.005253940455341506,0.010356731875719219
C0036341_Schizophrenia,DIAMOnD,50,0.28,0.008172796263864565,0.01588201928530913
C0036341_Schizophrenia,DIAMOnD,100,0.29,0.016929363689433742,0.0319911748483177
C0036341_Schizophrenia,DIAMOnD,200,0.305,0.03561004086398132,0.06377417668583377
C0036341_Schizophrenia,DIAMOnD,500,0.224,0.06538237011091652,0.10122006326253954
C0036341_Schizophrenia,DIAMOnD,750,0.18666666666666668,0.08172796263864565,0.11368250101502234
C0036341_Schizophrenia,DIAMOnD,1000,0.16,0.09340338587273789,0.11795060818282344
C0036341_Schizophrenia,DIAMOnD,1500,0.142,0.1243432574430823,0.1325863678804855
C0036341_Schizophrenia,DIAMOnD,2000,0.14,0.1634559252772913,0.15082143819014274
C0036341_Schizophrenia,DIAMOnD,2500,0.1364,0.19906596614127262,0.1618798955613577
C0036341_Schizophrenia,DIAMOnD,3000,0.11666666666666667,0.20431990659661411,0.14852535539995756
C0036341_Schizophrenia,MCL,25,0.32,0.004670169293636894,0.009205983889528193
C0036341_Schizophrenia,MCL,50,0.26,0.007589025102159953,0.01474758933635848
C0036341_Schizophrenia,MCL,100,0.24,0.014010507880910683,0.026475455046883617
C0036341_Schizophrenia,MCL,200,0.16,0.018680677174547577,0.0334553058024046
C0036341_Schizophrenia,MCL,500,0.104,0.030356100408639813,0.04699502937189335
C0036341_Schizophrenia,MCL,750,0.06933333333333333,0.030356100408639813,0.042224928948436866
C0036341_Schizophrenia,MCL,1000,0.052,0.030356100408639813,0.03833394765941762
C0036341_Schizophrenia,MCL,1500,0.034666666666666665,0.030356100408639813,0.03236850295673825
C0036341_Schizophrenia,MCL,2000,0.026,0.030356100408639813,0.028009695663883654
C0036341_Schizophrenia,MCL,2500,0.0208,0.030356100408639813,0.024685497270353667
C0036341_Schizophrenia,MCL,3000,0.017333333333333333,0.030356100408639813,0.02206662423085084
C0036341_Schizophrenia,RWR,25,0.2,0.002918855808523059,0.005753739930955121
C0036341_Schizophrenia,RWR,50,0.2,0.005837711617046118,0.011344299489506523
C0036341_Schizophrenia,RWR,100,0.14,0.008172796263864565,0.015444015444015444
C0036341_Schizophrenia,RWR,200,0.135,0.01576182136602452,0.028227914270778882
C0036341_Schizophrenia,RWR,500,0.12,0.03502626970227671,0.054225033890646174
C0036341_Schizophrenia,RWR,750,0.144,0.06304728546409807,0.08769792935444579
C0036341_Schizophrenia,RWR,1000,0.142,0.08289550496205488,0.10468116476225581
C0036341_Schizophrenia,RWR,1500,0.14266666666666666,0.12492702860478692,0.13320883909119202
C0036341_Schizophrenia,RWR,2000,0.1365,0.159369527145359,0.14705090223538916
C0036341_Schizophrenia,RWR,2500,0.1344,0.19614711033274956,0.15950629005459294
C0036341_Schizophrenia,RWR,3000,0.12866666666666668,0.22533566841798014,0.1638022490982389
C0036341_Schizophrenia,XG-PUL,25,0.88,0.01284296555750146,0.02531645569620253
C0036341_Schizophrenia,XG-PUL,50,0.84,0.024518388791593695,0.0476460578559274
C0036341_Schizophrenia,XG-PUL,100,0.73,0.04261529480443666,0.08052950910093767
C0036341_Schizophrenia,XG-PUL,200,0.61,0.07122008172796264,0.12754835337166753
C0036341_Schizophrenia,XG-PUL,500,0.482,0.14068884997081144,0.21780388612742885
C0036341_Schizophrenia,XG-PUL,750,0.4106666666666667,0.17980151780502043,0.2501015022330491
C0036341_Schizophrenia,XG-PUL,1000,0.382,0.2230005837711617,0.28160707703649096
C0036341_Schizophrenia,XG-PUL,1500,0.312,0.2732049036777583,0.2913165266106443
C0036341_Schizophrenia,XG-PUL,2000,0.285,0.3327495621716287,0.3070293563156477
C0036341_Schizophrenia,XG-PUL,2500,0.258,0.37653239929947463,0.306195110372656
C0036341_Schizophrenia,XG-PUL,3000,0.23866666666666667,0.417980151780502,0.3038404413324846
C0376358_Malignant_neoplasm_of_prostate,XGDAG - GNNExplainer,25,0.72,0.005344418052256532,0.010610079575596816
C0376358_Malignant_neoplasm_of_prostate,XGDAG - GNNExplainer,50,0.66,0.009798099762470308,0.019309537741369225
C0376358_Malignant_neoplasm_of_prostate,XGDAG - GNNExplainer,100,0.65,0.019299287410926364,0.03748558246828143
C0376358_Malignant_neoplasm_of_prostate,XGDAG - GNNExplainer,200,0.625,0.03711401425178147,0.07006726457399103
C0376358_Malignant_neoplasm_of_prostate,XGDAG - GNNExplainer,500,0.532,0.07897862232779097,0.1375387797311272
C0376358_Malignant_neoplasm_of_prostate,XGDAG - GNNExplainer,750,0.5,0.11134204275534441,0.1821272462360369
C0376358_Malignant_neoplasm_of_prostate,XGDAG - GNNExplainer,1000,0.474,0.14073634204275534,0.21703296703296704
C0376358_Malignant_neoplasm_of_prostate,XGDAG - GNNExplainer,1500,0.42933333333333334,0.19121140142517815,0.2645850451930978
C0376358_Malignant_neoplasm_of_prostate,XGDAG - GNNExplainer,2000,0.405,0.24049881235154394,0.3017883755588674
C0376358_Malignant_neoplasm_of_prostate,XGDAG - GNNExplainer,2500,0.3716,0.2758313539192399,0.3166325835037492
C0376358_Malignant_neoplasm_of_prostate,XGDAG - GNNExplainer,3000,0.346,0.3081947743467934,0.3260050251256282
C0376358_Malignant_neoplasm_of_prostate,XGDAG - GraphSVX,25,0.76,0.0056413301662707836,0.011199528440907752
C0376358_Malignant_neoplasm_of_prostate,XGDAG - GraphSVX,50,0.66,0.009798099762470308,0.019309537741369225
C0376358_Malignant_neoplasm_of_prostate,XGDAG - GraphSVX,100,0.64,0.019002375296912115,0.03690888119953865
C0376358_Malignant_neoplasm_of_prostate,XGDAG - GraphSVX,200,0.635,0.03770783847980998,0.0711883408071749
C0376358_Malignant_neoplasm_of_prostate,XGDAG - GraphSVX,500,0.532,0.07897862232779097,0.1375387797311272
C0376358_Malignant_neoplasm_of_prostate,XGDAG - GraphSVX,750,0.49866666666666665,0.11104513064133016,0.18164157357940747
C0376358_Malignant_neoplasm_of_prostate,XGDAG - GraphSVX,1000,0.474,0.14073634204275534,0.21703296703296704
C0376358_Malignant_neoplasm_of_prostate,XGDAG - GraphSVX,1500,0.42866666666666664,0.1909144893111639,0.26417419884963017
C0376358_Malignant_neoplasm_of_prostate,XGDAG - GraphSVX,2000,0.406,0.24109263657957244,0.3025335320417288
C0376358_Malignant_neoplasm_of_prostate,XGDAG - GraphSVX,2500,0.372,0.27612826603325413,0.3169734151329243
C0376358_Malignant_neoplasm_of_prostate,XGDAG - GraphSVX,3000,0.349,0.3108669833729216,0.3288316582914573
C0376358_Malignant_neoplasm_of_prostate,DIAMOnD,25,1.0,0.007422802850356294,0.014736221632773357
C0376358_Malignant_neoplasm_of_prostate,DIAMOnD,50,1.0,0.014845605700712588,0.02925687536571094
C0376358_Malignant_neoplasm_of_prostate,DIAMOnD,100,0.84,0.02494061757719715,0.04844290657439446
C0376358_Malignant_neoplasm_of_prostate,DIAMOnD,200,0.675,0.04008313539192399,0.07567264573991032
C0376358_Malignant_neoplasm_of_prostate,DIAMOnD,500,0.412,0.06116389548693587,0.1065149948293692
C0376358_Malignant_neoplasm_of_prostate,DIAMOnD,750,0.36533333333333334,0.08135391923990498,0.1330743079164643
C0376358_Malignant_neoplasm_of_prostate,DIAMOnD,1000,0.365,0.1083729216152019,0.16712454212454214
C0376358_Malignant_neoplasm_of_prostate,DIAMOnD,1500,0.33866666666666667,0.1508313539192399,0.20870994248151192
C0376358_Malignant_neoplasm_of_prostate,DIAMOnD,2000,0.3115,0.18497624703087887,0.2321162444113264
C0376358_Malignant_neoplasm_of_prostate,DIAMOnD,2500,0.304,0.22565320665083136,0.25903203817314246
C0376358_Malignant_neoplasm_of_prostate,DIAMOnD,3000,0.29533333333333334,0.26306413301662707,0.2782663316582914
C0376358_Malignant_neoplasm_of_prostate,MCL,25,0.32,0.0023752969121140144,0.004715590922487474
C0376358_Malignant_neoplasm_of_prostate,MCL,50,0.46,0.006828978622327791,0.013458162668227034
C0376358_Malignant_neoplasm_of_prostate,MCL,100,0.42,0.012470308788598575,0.02422145328719723
C0376358_Malignant_neoplasm_of_prostate,MCL,200,0.44,0.026128266033254157,0.04932735426008969
C0376358_Malignant_neoplasm_of_prostate,MCL,500,0.3,0.04453681710213777,0.07755946225439506
C0376358_Malignant_neoplasm_of_prostate,MCL,750,0.25466666666666665,0.05671021377672209,0.09276347741622147
C0376358_Malignant_neoplasm_of_prostate,MCL,1000,0.201,0.059679334916864606,0.09203296703296703
C0376358_Malignant_neoplasm_of_prostate,MCL,1500,0.134,0.059679334916864606,0.08258011503697615
C0376358_Malignant_neoplasm_of_prostate,MCL,2000,0.1005,0.059679334916864606,0.07488822652757078
C0376358_Malignant_neoplasm_of_prostate,MCL,2500,0.0804,0.059679334916864606,0.06850715746421267
C0376358_Malignant_neoplasm_of_prostate,MCL,3000,0.067,0.059679334916864606,0.06312814070351758
C0376358_Malignant_neoplasm_of_prostate,RWR,25,0.6,0.004453681710213777,0.008841732979664015
C0376358_Malignant_neoplasm_of_prostate,RWR,50,0.46,0.006828978622327791,0.013458162668227034
C0376358_Malignant_neoplasm_of_prostate,RWR,100,0.36,0.010688836104513063,0.020761245674740483
C0376358_Malignant_neoplasm_of_prostate,RWR,200,0.345,0.020486935866983372,0.03867713004484305
C0376358_Malignant_neoplasm_of_prostate,RWR,500,0.336,0.0498812351543943,0.08686659772492245
C0376358_Malignant_neoplasm_of_prostate,RWR,750,0.3626666666666667,0.08076009501187649,0.13210296260320545
C0376358_Malignant_neoplasm_of_prostate,RWR,1000,0.366,0.10866983372921615,0.1675824175824176
C0376358_Malignant_neoplasm_of_prostate,RWR,1500,0.356,0.15855106888361045,0.21939194741166804
C0376358_Malignant_neoplasm_of_prostate,RWR,2000,0.342,0.20308788598574823,0.25484351713859915
C0376358_Malignant_neoplasm_of_prostate,RWR,2500,0.316,0.2345605700712589,0.2692569870483981
C0376358_Malignant_neoplasm_of_prostate,RWR,3000,0.29033333333333333,0.2586104513064133,0.2735552763819095
C0376358_Malignant_neoplasm_of_prostate,XG-PUL,25,1.0,0.007422802850356294,0.014736221632773357
C0376358_Malignant_neoplasm_of_prostate,XG-PUL,50,1.0,0.014845605700712588,0.02925687536571094
C0376358_Malignant_neoplasm_of_prostate,XG-PUL,100,1.0,0.029691211401425176,0.05767012687427912
C0376358_Malignant_neoplasm_of_prostate,XG-PUL,200,0.955,0.05671021377672209,0.1070627802690583
C0376358_Malignant_neoplasm_of_prostate,XG-PUL,500,0.846,0.1255938242280285,0.21871768355739402
C0376358_Malignant_neoplasm_of_prostate,XG-PUL,750,0.776,0.17280285035629453,0.2826614861583293
C0376358_Malignant_neoplasm_of_prostate,XG-PUL,1000,0.723,0.21466745843230403,0.33104395604395603
C0376358_Malignant_neoplasm_of_prostate,XG-PUL,1500,0.6513333333333333,0.290083135391924,0.40139687756778963
C0376358_Malignant_neoplasm_of_prostate,XG-PUL,2000,0.584,0.34679334916864607,0.43517138599105815
C0376358_Malignant_neoplasm_of_prostate,XG-PUL,2500,0.5412,0.40172209026128264,0.46114519427402856
C0376358_Malignant_neoplasm_of_prostate,XG-PUL,3000,0.49833333333333335,0.4438836104513064,0.469535175879397
C0001973_Chronic_Alcoholic_Intoxication,XGDAG - GNNExplainer,25,0.08,0.007142857142857143,0.013114754098360656
C0001973_Chronic_Alcoholic_Intoxication,XGDAG - GNNExplainer,50,0.08,0.014285714285714285,0.024242424242424242
C0001973_Chronic_Alcoholic_Intoxication,XGDAG - GNNExplainer,100,0.08,0.02857142857142857,0.04210526315789474
C0001973_Chronic_Alcoholic_Intoxication,XGDAG - GNNExplainer,200,0.045,0.03214285714285714,0.0375
C0001973_Chronic_Alcoholic_Intoxication,XGDAG - GNNExplainer,500,0.038,0.06785714285714285,0.04871794871794872
C0001973_Chronic_Alcoholic_Intoxication,XGDAG - GNNExplainer,750,0.029333333333333333,0.07857142857142857,0.04271844660194174
C0001973_Chronic_Alcoholic_Intoxication,XGDAG - GNNExplainer,1000,0.027,0.09642857142857143,0.0421875
C0001973_Chronic_Alcoholic_Intoxication,XGDAG - GNNExplainer,1500,0.02266666666666667,0.12142857142857143,0.038202247191011236
C0001973_Chronic_Alcoholic_Intoxication,XGDAG - GNNExplainer,2000,0.022,0.15714285714285714,0.03859649122807018
C0001973_Chronic_Alcoholic_Intoxication,XGDAG - GNNExplainer,2500,0.022,0.19642857142857142,0.039568345323741004
C0001973_Chronic_Alcoholic_Intoxication,XGDAG - GNNExplainer,3000,0.021,0.225,0.03841463414634146
C0001973_Chronic_Alcoholic_Intoxication,XGDAG - GraphSVX,25,0.08,0.007142857142857143,0.013114754098360656
C0001973_Chronic_Alcoholic_Intoxication,XGDAG - GraphSVX,50,0.08,0.014285714285714285,0.024242424242424242
C0001973_Chronic_Alcoholic_Intoxication,XGDAG - GraphSVX,100,0.08,0.02857142857142857,0.04210526315789474
C0001973_Chronic_Alcoholic_Intoxication,XGDAG - GraphSVX,200,0.045,0.03214285714285714,0.0375
C0001973_Chronic_Alcoholic_Intoxication,XGDAG - GraphSVX,500,0.034,0.060714285714285714,0.04358974358974359
C0001973_Chronic_Alcoholic_Intoxication,XGDAG - GraphSVX,750,0.030666666666666665,0.08214285714285714,0.044660194174757285
C0001973_Chronic_Alcoholic_Intoxication,XGDAG - GraphSVX,1000,0.027,0.09642857142857143,0.0421875
C0001973_Chronic_Alcoholic_Intoxication,XGDAG - GraphSVX,1500,0.023333333333333334,0.125,0.03932584269662921
C0001973_Chronic_Alcoholic_Intoxication,XGDAG - GraphSVX,2000,0.021,0.15,0.0368421052631579
C0001973_Chronic_Alcoholic_Intoxication,XGDAG - GraphSVX,2500,0.02,0.17857142857142858,0.03597122302158274
C0001973_Chronic_Alcoholic_Intoxication,XGDAG - GraphSVX,3000,0.021666666666666667,0.23214285714285715,0.039634146341463415
C0001973_Chronic_Alcoholic_Intoxication,DIAMOnD,25,0.0,0.0,0.0
C0001973_Chronic_Alcoholic_Intoxication,DIAMOnD,50,0.02,0.0035714285714285713,0.006060606060606061
C0001973_Chronic_Alcoholic_Intoxication,DIAMOnD,100,0.07,0.025,0.0368421052631579
C0001973_Chronic_Alcoholic_Intoxication,DIAMOnD,200,0.045,0.03214285714285714,0.0375
C0001973_Chronic_Alcoholic_Intoxication,DIAMOnD,500,0.036,0.06428571428571428,0.04615384615384615
C0001973_Chronic_Alcoholic_Intoxication,DIAMOnD,750,0.024,0.06428571428571428,0.03495145631067961
C0001973_Chronic_Alcoholic_Intoxication,DIAMOnD,1000,0.018,0.06428571428571428,0.028124999999999997
C0001973_Chronic_Alcoholic_Intoxication,DIAMOnD,1500,0.012,0.06428571428571428,0.020224719101123594
C0001973_Chronic_Alcoholic_Intoxication,DIAMOnD,2000,0.009,0.06428571428571428,0.015789473684210527
C0001973_Chronic_Alcoholic_Intoxication,DIAMOnD,2500,0.0072,0.06428571428571428,0.012949640287769784
C0001973_Chronic_Alcoholic_Intoxication,DIAMOnD,3000,0.006,0.06428571428571428,0.01097560975609756
C0001973_Chronic_Alcoholic_Intoxication,MCL,25,0.04,0.0035714285714285713,0.006557377049180328
C0001973_Chronic_Alcoholic_Intoxication,MCL,50,0.02,0.0035714285714285713,0.006060606060606061
C0001973_Chronic_Alcoholic_Intoxication,MCL,100,0.01,0.0035714285714285713,0.005263157894736843
C0001973_Chronic_Alcoholic_Intoxication,MCL,200,0.015,0.010714285714285714,0.012499999999999999
C0001973_Chronic_Alcoholic_Intoxication,MCL,500,0.014,0.025,0.01794871794871795
C0001973_Chronic_Alcoholic_Intoxication,MCL,750,0.009333333333333334,0.025,0.01359223300970874
C0001973_Chronic_Alcoholic_Intoxication,MCL,1000,0.007,0.025,0.010937500000000001
C0001973_Chronic_Alcoholic_Intoxication,MCL,1500,0.004666666666666667,0.025,0.007865168539325843
C0001973_Chronic_Alcoholic_Intoxication,MCL,2000,0.0035,0.025,0.006140350877192983
C0001973_Chronic_Alcoholic_Intoxication,MCL,2500,0.0028,0.025,0.005035971223021583
C0001973_Chronic_Alcoholic_Intoxication,MCL,3000,0.0023333333333333335,0.025,0.00426829268292683
C0001973_Chronic_Alcoholic_Intoxication,RWR,25,0.12,0.010714285714285714,0.019672131147540985
C0001973_Chronic_Alcoholic_Intoxication,RWR,50,0.06,0.010714285714285714,0.01818181818181818
C0001973_Chronic_Alcoholic_Intoxication,RWR,100,0.06,0.02142857142857143,0.03157894736842105
C0001973_Chronic_Alcoholic_Intoxication,RWR,200,0.045,0.03214285714285714,0.0375
C0001973_Chronic_Alcoholic_Intoxication,RWR,500,0.026,0.04642857142857143,0.03333333333333333
C0001973_Chronic_Alcoholic_Intoxication,RWR,750,0.024,0.06428571428571428,0.03495145631067961
C0001973_Chronic_Alcoholic_Intoxication,RWR,1000,0.025,0.08928571428571429,0.0390625
C0001973_Chronic_Alcoholic_Intoxication,RWR,1500,0.022,0.11785714285714285,0.03707865168539326
C0001973_Chronic_Alcoholic_Intoxication,RWR,2000,0.024,0.17142857142857143,0.042105263157894736
C0001973_Chronic_Alcoholic_Intoxication,RWR,2500,0.0236,0.21071428571428572,0.04244604316546762
C0001973_Chronic_Alcoholic_Intoxication,RWR,3000,0.021,0.225,0.03841463414634146
C0001973_Chronic_Alcoholic_Intoxication,XG-PUL,25,0.2,0.017857142857142856,0.03278688524590164
C0001973_Chronic_Alcoholic_Intoxication,XG-PUL,50,0.1,0.017857142857142856,0.030303030303030304
C0001973_Chronic_Alcoholic_Intoxication,XG-PUL,100,0.05,0.017857142857142856,0.026315789473684206
C0001973_Chronic_Alcoholic_Intoxication,XG-PUL,200,0.04,0.02857142857142857,0.03333333333333333
C0001973_Chronic_Alcoholic_Intoxication,XG-PUL,500,0.05,0.08928571428571429,0.06410256410256411
C0001973_Chronic_Alcoholic_Intoxication,XG-PUL,750,0.04666666666666667,0.125,0.0679611650485437
C0001973_Chronic_Alcoholic_Intoxication,XG-PUL,1000,0.043,0.15357142857142858,0.0671875
C0001973_Chronic_Alcoholic_Intoxication,XG-PUL,1500,0.03933333333333333,0.21071428571428572,0.06629213483146067
C0001973_Chronic_Alcoholic_Intoxication,XG-PUL,2000,0.037,0.2642857142857143,0.0649122807017544
C0001973_Chronic_Alcoholic_Intoxication,XG-PUL,2500,0.0332,0.29642857142857143,0.05971223021582734
C0001973_Chronic_Alcoholic_Intoxication,XG-PUL,3000,0.03,0.32142857142857145,0.05487804878048781
C0011581_Depressive_disorder,XGDAG - GNNExplainer,25,0.4,0.007668711656441718,0.015048908954100828
C0011581_Depressive_disorder,XGDAG - GNNExplainer,50,0.42,0.016104294478527608,0.0310192023633678
C0011581_Depressive_disorder,XGDAG - GNNExplainer,100,0.3,0.023006134969325152,0.042735042735042736
C0011581_Depressive_disorder,XGDAG - GNNExplainer,200,0.225,0.03450920245398773,0.0598404255319149
C0011581_Depressive_disorder,XGDAG - GNNExplainer,500,0.184,0.0705521472392638,0.10199556541019957
C0011581_Depressive_disorder,XGDAG - GNNExplainer,750,0.18133333333333335,0.10429447852760736,0.13242453748782862
C0011581_Depressive_disorder,XGDAG - GNNExplainer,1000,0.169,0.12960122699386503,0.1467013888888889
C0011581_Depressive_disorder,XGDAG - GNNExplainer,1500,0.15533333333333332,0.17868098159509202,0.16619115549215405
C0011581_Depressive_disorder,XGDAG - GNNExplainer,2000,0.141,0.21625766871165644,0.17070217917675543
C0011581_Depressive_disorder,XGDAG - GNNExplainer,2500,0.1288,0.2469325153374233,0.16929547844374343
C0011581_Depressive_disorder,XGDAG - GNNExplainer,3000,0.12033333333333333,0.276840490797546,0.16775092936802974
C0011581_Depressive_disorder,XGDAG - GraphSVX,25,0.4,0.007668711656441718,0.015048908954100828
C0011581_Depressive_disorder,XGDAG - GraphSVX,50,0.38,0.014570552147239263,0.028064992614475627
C0011581_Depressive_disorder,XGDAG - GraphSVX,100,0.29,0.02223926380368098,0.041310541310541314
C0011581_Depressive_disorder,XGDAG - GraphSVX,200,0.225,0.03450920245398773,0.0598404255319149
C0011581_Depressive_disorder,XGDAG - GraphSVX,500,0.184,0.0705521472392638,0.10199556541019957
C0011581_Depressive_disorder,XGDAG - GraphSVX,750,0.188,0.10812883435582822,0.13729308666017528
C0011581_Depressive_disorder,XGDAG - GraphSVX,1000,0.169,0.12960122699386503,0.1467013888888889
C0011581_Depressive_disorder,XGDAG - GraphSVX,1500,0.15533333333333332,0.17868098159509202,0.16619115549215405
C0011581_Depressive_disorder,XGDAG - GraphSVX,2000,0.1385,0.21242331288343558,0.1676755447941889
C0011581_Depressive_disorder,XGDAG - GraphSVX,2500,0.1312,0.25153374233128833,0.17245005257623558
C0011581_Depressive_disorder,XGDAG - GraphSVX,3000,0.12,0.27607361963190186,0.16728624535315986
C0011581_Depressive_disorder,DIAMOnD,25,0.32,0.006134969325153374,0.012039127163280662
C0011581_Depressive_disorder,DIAMOnD,50,0.36,0.013803680981595092,0.026587887740029542
C0011581_Depressive_disorder,DIAMOnD,100,0.31,0.023773006134969327,0.044159544159544165
C0011581_Depressive_disorder,DIAMOnD,200,0.275,0.04217791411042945,0.07313829787234043
C0011581_Depressive_disorder,DIAMOnD,500,0.166,0.06365030674846625,0.09201773835920177
C0011581_Depressive_disorder,DIAMOnD,750,0.13466666666666666,0.07745398773006135,0.09834469328140213
C0011581_Depressive_disorder,DIAMOnD,1000,0.128,0.09815950920245399,0.11111111111111112
C0011581_Depressive_disorder,DIAMOnD,1500,0.11666666666666667,0.13420245398773006,0.1248216833095578
C0011581_Depressive_disorder,DIAMOnD,2000,0.0915,0.14033742331288343,0.11077481840193705
C0011581_Depressive_disorder,DIAMOnD,2500,0.0732,0.14033742331288343,0.09621451104100946
C0011581_Depressive_disorder,DIAMOnD,3000,0.061,0.14033742331288343,0.08503717472118959
C0011581_Depressive_disorder,MCL,25,0.12,0.0023006134969325155,0.004514672686230248
C0011581_Depressive_disorder,MCL,50,0.08,0.003067484662576687,0.005908419497784343
C0011581_Depressive_disorder,MCL,100,0.07,0.005368098159509203,0.009971509971509971
C0011581_Depressive_disorder,MCL,200,0.095,0.014570552147239263,0.02526595744680851
C0011581_Depressive_disorder,MCL,500,0.086,0.032975460122699383,0.047671840354767174
C0011581_Depressive_disorder,MCL,750,0.06133333333333333,0.0352760736196319,0.044790652385589096
C0011581_Depressive_disorder,MCL,1000,0.046,0.0352760736196319,0.03993055555555555
C0011581_Depressive_disorder,MCL,1500,0.030666666666666665,0.0352760736196319,0.03281027104136947
C0011581_Depressive_disorder,MCL,2000,0.023,0.0352760736196319,0.02784503631961259
C0011581_Depressive_disorder,MCL,2500,0.0184,0.0352760736196319,0.024185068349106206
C0011581_Depressive_disorder,MCL,3000,0.015333333333333332,0.0352760736196319,0.02137546468401487
C0011581_Depressive_disorder,RWR,25,0.2,0.003834355828220859,0.007524454477050414
C0011581_Depressive_disorder,RWR,50,0.16,0.006134969325153374,0.011816838995568686
C0011581_Depressive_disorder,RWR,100,0.11,0.00843558282208589,0.01566951566951567
C0011581_Depressive_disorder,RWR,200,0.11,0.01687116564417178,0.02925531914893617
C0011581_Depressive_disorder,RWR,500,0.118,0.04524539877300614,0.06541019955654102
C0011581_Depressive_disorder,RWR,750,0.12,0.06901840490797546,0.08763388510223954
C0011581_Depressive_disorder,RWR,1000,0.133,0.10199386503067484,0.1154513888888889
C0011581_Depressive_disorder,RWR,1500,0.12,0.13803680981595093,0.1283880171184023
C0011581_Depressive_disorder,RWR,2000,0.1145,0.17561349693251535,0.13861985472154964
C0011581_Depressive_disorder,RWR,2500,0.1076,0.2062883435582822,0.14143007360672974
C0011581_Depressive_disorder,RWR,3000,0.09833333333333333,0.22622699386503067,0.13708178438661708
C0011581_Depressive_disorder,XG-PUL,25,0.72,0.013803680981595092,0.027088036117381486
C0011581_Depressive_disorder,XG-PUL,50,0.58,0.02223926380368098,0.04283604135893648
C0011581_Depressive_disorder,XG-PUL,100,0.43,0.032975460122699383,0.06125356125356125
C0011581_Depressive_disorder,XG-PUL,200,0.355,0.054447852760736194,0.09441489361702127
C0011581_Depressive_disorder,XG-PUL,500,0.302,0.11579754601226994,0.16740576496674056
C0011581_Depressive_disorder,XG-PUL,750,0.26266666666666666,0.15107361963190183,0.1918208373904576
C0011581_Depressive_disorder,XG-PUL,1000,0.244,0.18711656441717792,0.21180555555555552
C0011581_Depressive_disorder,XG-PUL,1500,0.224,0.25766871165644173,0.2396576319543509
C0011581_Depressive_disorder,XG-PUL,2000,0.202,0.3098159509202454,0.24455205811138017
C0011581_Depressive_disorder,XG-PUL,2500,0.1832,0.3512269938650307,0.24079915878023136
C0011581_Depressive_disorder,XG-PUL,3000,0.16633333333333333,0.38266871165644173,0.23187732342007436
C0860207_Drug-Induced_Liver_Disease,XGDAG - GNNExplainer,25,0.12,0.023255813953488372,0.03896103896103897
C0860207_Drug-Induced_Liver_Disease,XGDAG - GNNExplainer,50,0.06,0.023255813953488372,0.0335195530726257
C0860207_Drug-Induced_Liver_Disease,XGDAG - GNNExplainer,100,0.04,0.031007751937984496,0.034934497816593885
C0860207_Drug-Induced_Liver_Disease,XGDAG - GNNExplainer,200,0.025,0.03875968992248062,0.0303951367781155
C0860207_Drug-Induced_Liver_Disease,XGDAG - GNNExplainer,500,0.024,0.09302325581395349,0.03815580286168521
C0860207_Drug-Induced_Liver_Disease,XGDAG - GNNExplainer,750,0.02,0.11627906976744186,0.034129692832764506
C0860207_Drug-Induced_Liver_Disease,XGDAG - GNNExplainer,1000,0.021,0.16279069767441862,0.03720106288751108
C0860207_Drug-Induced_Liver_Disease,XGDAG - GNNExplainer,1500,0.014666666666666666,0.17054263565891473,0.027010435850214856
C0860207_Drug-Induced_Liver_Disease,XGDAG - GNNExplainer,2000,0.015,0.23255813953488372,0.028182245185533115
C0860207_Drug-Induced_Liver_Disease,XGDAG - GNNExplainer,2500,0.0148,0.2868217054263566,0.028147584632940283
C0860207_Drug-Induced_Liver_Disease,XGDAG - GNNExplainer,3000,0.014,0.32558139534883723,0.02684563758389262
C0860207_Drug-Induced_Liver_Disease,XGDAG - GraphSVX,25,0.12,0.023255813953488372,0.03896103896103897
C0860207_Drug-Induced_Liver_Disease,XGDAG - GraphSVX,50,0.06,0.023255813953488372,0.0335195530726257
C0860207_Drug-Induced_Liver_Disease,XGDAG - GraphSVX,100,0.04,0.031007751937984496,0.034934497816593885
C0860207_Drug-Induced_Liver_Disease,XGDAG - GraphSVX,200,0.025,0.03875968992248062,0.0303951367781155
C0860207_Drug-Induced_Liver_Disease,XGDAG - GraphSVX,500,0.024,0.09302325581395349,0.03815580286168521
C0860207_Drug-Induced_Liver_Disease,XGDAG - GraphSVX,750,0.021333333333333333,0.12403100775193798,0.03640500568828213
C0860207_Drug-Induced_Liver_Disease,XGDAG - GraphSVX,1000,0.021,0.16279069767441862,0.03720106288751108
C0860207_Drug-Induced_Liver_Disease,XGDAG - GraphSVX,1500,0.015333333333333332,0.17829457364341086,0.028238182934315532
C0860207_Drug-Induced_Liver_Disease,XGDAG - GraphSVX,2000,0.015,0.23255813953488372,0.028182245185533115
C0860207_Drug-Induced_Liver_Disease,XGDAG - GraphSVX,2500,0.0148,0.2868217054263566,0.028147584632940283
C0860207_Drug-Induced_Liver_Disease,XGDAG - GraphSVX,3000,0.013666666666666667,0.3178294573643411,0.02620645573665708
C0860207_Drug-Induced_Liver_Disease,DIAMOnD,25,0.0,0.0,0.0
C0860207_Drug-Induced_Liver_Disease,DIAMOnD,50,0.0,0.0,0.0
C0860207_Drug-Induced_Liver_Disease,DIAMOnD,100,0.0,0.0,0.0
C0860207_Drug-Induced_Liver_Disease,DIAMOnD,200,0.015,0.023255813953488372,0.0182370820668693
C0860207_Drug-Induced_Liver_Disease,DIAMOnD,500,0.01,0.03875968992248062,0.01589825119236884
C0860207_Drug-Induced_Liver_Disease,DIAMOnD,750,0.006666666666666667,0.03875968992248062,0.01137656427758817
C0860207_Drug-Induced_Liver_Disease,DIAMOnD,1000,0.005,0.03875968992248062,0.008857395925597875
C0860207_Drug-Induced_Liver_Disease,DIAMOnD,1500,0.0033333333333333335,0.03875968992248062,0.006138735420503377
C0860207_Drug-Induced_Liver_Disease,DIAMOnD,2000,0.0025,0.03875968992248062,0.004697040864255519
C0860207_Drug-Induced_Liver_Disease,DIAMOnD,2500,0.002,0.03875968992248062,0.0038037276531000383
C0860207_Drug-Induced_Liver_Disease,DIAMOnD,3000,0.0016666666666666668,0.03875968992248062,0.003195909236177693
C0860207_Drug-Induced_Liver_Disease,MCL,25,0.0,0.0,0.0
C0860207_Drug-Induced_Liver_Disease,MCL,50,0.0,0.0,0.0
C0860207_Drug-Induced_Liver_Disease,MCL,100,0.01,0.007751937984496124,0.008733624454148471
C0860207_Drug-Induced_Liver_Disease,MCL,200,0.005,0.007751937984496124,0.0060790273556231
C0860207_Drug-Induced_Liver_Disease,MCL,500,0.016,0.06201550387596899,0.025437201907790145
C0860207_Drug-Induced_Liver_Disease,MCL,750,0.014666666666666666,0.08527131782945736,0.02502844141069397
C0860207_Drug-Induced_Liver_Disease,MCL,1000,0.012,0.09302325581395349,0.021257750221434897
C0860207_Drug-Induced_Liver_Disease,MCL,1500,0.008,0.09302325581395349,0.014732965009208102
C0860207_Drug-Induced_Liver_Disease,MCL,2000,0.006,0.09302325581395349,0.011272898074213245
C0860207_Drug-Induced_Liver_Disease,MCL,2500,0.0048,0.09302325581395349,0.009128946367440091
C0860207_Drug-Induced_Liver_Disease,MCL,3000,0.004,0.09302325581395349,0.007670182166826462
C0860207_Drug-Induced_Liver_Disease,RWR,25,0.0,0.0,0.0
C0860207_Drug-Induced_Liver_Disease,RWR,50,0.0,0.0,0.0
C0860207_Drug-Induced_Liver_Disease,RWR,100,0.0,0.0,0.0
C0860207_Drug-Induced_Liver_Disease,RWR,200,0.005,0.007751937984496124,0.0060790273556231
C0860207_Drug-Induced_Liver_Disease,RWR,500,0.01,0.03875968992248062,0.01589825119236884
C0860207_Drug-Induced_Liver_Disease,RWR,750,0.014666666666666666,0.08527131782945736,0.02502844141069397
C0860207_Drug-Induced_Liver_Disease,RWR,1000,0.014,0.10852713178294573,0.024800708591674048
C0860207_Drug-Induced_Liver_Disease,RWR,1500,0.012,0.13953488372093023,0.022099447513812154
C0860207_Drug-Induced_Liver_Disease,RWR,2000,0.011,0.17054263565891473,0.02066697980272428
C0860207_Drug-Induced_Liver_Disease,RWR,2500,0.0092,0.17829457364341086,0.017497147204260172
C0860207_Drug-Induced_Liver_Disease,RWR,3000,0.008666666666666666,0.20155038759689922,0.016618728028124002
C0860207_Drug-Induced_Liver_Disease,XG-PUL,25,0.04,0.007751937984496124,0.012987012987012988
C0860207_Drug-Induced_Liver_Disease,XG-PUL,50,0.02,0.007751937984496124,0.0111731843575419
C0860207_Drug-Induced_Liver_Disease,XG-PUL,100,0.04,0.031007751937984496,0.034934497816593885
C0860207_Drug-Induced_Liver_Disease,XG-PUL,200,0.04,0.06201550387596899,0.0486322188449848
C0860207_Drug-Induced_Liver_Disease,XG-PUL,500,0.036,0.13953488372093023,0.05723370429252782
C0860207_Drug-Induced_Liver_Disease,XG-PUL,750,0.034666666666666665,0.20155038759689922,0.05915813424345848
C0860207_Drug-Induced_Liver_Disease,XG-PUL,1000,0.034,0.26356589147286824,0.06023029229406555
C0860207_Drug-Induced_Liver_Disease,XG-PUL,1500,0.03133333333333333,0.3643410852713178,0.05770411295273173
C0860207_Drug-Induced_Liver_Disease,XG-PUL,2000,0.0285,0.4418604651162791,0.05354626585251291
C0860207_Drug-Induced_Liver_Disease,XG-PUL,2500,0.0248,0.4806201550387597,0.047166222898440475
C0860207_Drug-Induced_Liver_Disease,XG-PUL,3000,0.022333333333333334,0.5193798449612403,0.04282518376478108
C3714756_Intellectual_Disability,XGDAG - GNNExplainer,25,0.4,0.0062266500622665,0.01226241569589209
C3714756_Intellectual_Disability,XGDAG - GNNExplainer,50,0.32,0.009962640099626401,0.01932367149758454
C3714756_Intellectual_Disability,XGDAG - GNNExplainer,100,0.22,0.0136986301369863,0.025791324736225085
C3714756_Intellectual_Disability,XGDAG - GNNExplainer,200,0.215,0.026774595267745952,0.047619047619047616
C3714756_Intellectual_Disability,XGDAG - GNNExplainer,500,0.174,0.05417185554171856,0.08262108262108263
C3714756_Intellectual_Disability,XGDAG - GNNExplainer,750,0.17466666666666666,0.08156911581569116,0.11120543293718166
C3714756_Intellectual_Disability,XGDAG - GNNExplainer,1000,0.172,0.10709838107098381,0.13200306983883345
C3714756_Intellectual_Disability,XGDAG - GNNExplainer,1500,0.15866666666666668,0.14819427148194272,0.15325177076625887
C3714756_Intellectual_Disability,XGDAG - GNNExplainer,2000,0.146,0.18181818181818182,0.16195230171935665
C3714756_Intellectual_Disability,XGDAG - GNNExplainer,2500,0.14,0.21793275217932753,0.17048222113979544
C3714756_Intellectual_Disability,XGDAG - GNNExplainer,3000,0.137,0.2559153175591532,0.17846287451150675
C3714756_Intellectual_Disability,XGDAG - GraphSVX,25,0.4,0.0062266500622665,0.01226241569589209
C3714756_Intellectual_Disability,XGDAG - GraphSVX,50,0.32,0.009962640099626401,0.01932367149758454
C3714756_Intellectual_Disability,XGDAG - GraphSVX,100,0.21,0.013075965130759652,0.024618991793669404
C3714756_Intellectual_Disability,XGDAG - GraphSVX,200,0.205,0.025529265255292654,0.04540420819490588
C3714756_Intellectual_Disability,XGDAG - GraphSVX,500,0.18,0.05603985056039851,0.08547008547008547
C3714756_Intellectual_Disability,XGDAG - GraphSVX,750,0.176,0.0821917808219178,0.11205432937181663
C3714756_Intellectual_Disability,XGDAG - GraphSVX,1000,0.169,0.10523038605230386,0.12970069071373752
C3714756_Intellectual_Disability,XGDAG - GraphSVX,1500,0.158,0.14757160647571607,0.15260785576303929
C3714756_Intellectual_Disability,XGDAG - GraphSVX,2000,0.145,0.18057285180572852,0.16084303937881309
C3714756_Intellectual_Disability,XGDAG - GraphSVX,2500,0.1432,0.22291407222914073,0.17437895762299074
C3714756_Intellectual_Disability,XGDAG - GraphSVX,3000,0.139,0.25965130759651306,0.18106817194963093
C3714756_Intellectual_Disability,DIAMOnD,25,0.36,0.00560398505603985,0.01103617412630288
C3714756_Intellectual_Disability,DIAMOnD,50,0.32,0.009962640099626401,0.01932367149758454
C3714756_Intellectual_Disability,DIAMOnD,100,0.21,0.013075965130759652,0.024618991793669404
C3714756_Intellectual_Disability,DIAMOnD,200,0.25,0.031133250311332503,0.05537098560354374
C3714756_Intellectual_Disability,DIAMOnD,500,0.152,0.047322540473225407,0.07217473884140552
C3714756_Intellectual_Disability,DIAMOnD,750,0.148,0.06911581569115816,0.09422750424448217
C3714756_Intellectual_Disability,DIAMOnD,1000,0.14,0.08717310087173101,0.10744435917114352
C3714756_Intellectual_Disability,DIAMOnD,1500,0.13266666666666665,0.12391033623910336,0.12813908564069543
C3714756_Intellectual_Disability,DIAMOnD,2000,0.1305,0.16251556662515568,0.1447587354409318
C3714756_Intellectual_Disability,DIAMOnD,2500,0.1064,0.1656288916562889,0.12956648806624452
C3714756_Intellectual_Disability,DIAMOnD,3000,0.08866666666666667,0.1656288916562889,0.11550151975683891
C3714756_Intellectual_Disability,MCL,25,0.16,0.0024906600249066002,0.004904966278356836
C3714756_Intellectual_Disability,MCL,50,0.14,0.0043586550435865505,0.008454106280193238
C3714756_Intellectual_Disability,MCL,100,0.12,0.007471980074719801,0.014067995310668229
C3714756_Intellectual_Disability,MCL,200,0.14,0.017434620174346202,0.031007751937984496
C3714756_Intellectual_Disability,MCL,500,0.164,0.05105853051058531,0.07787274453941122
C3714756_Intellectual_Disability,MCL,750,0.16266666666666665,0.0759651307596513,0.1035653650254669
C3714756_Intellectual_Disability,MCL,1000,0.139,0.08655043586550436,0.1066768994627782
C3714756_Intellectual_Disability,MCL,1500,0.136,0.12702366127023662,0.1313586606567933
C3714756_Intellectual_Disability,MCL,2000,0.126,0.1569115815691158,0.13976705490848587
C3714756_Intellectual_Disability,MCL,2500,0.1168,0.18181818181818182,0.1422308816366293
C3714756_Intellectual_Disability,MCL,3000,0.11566666666666667,0.21606475716064757,0.15067303517151542
C3714756_Intellectual_Disability,RWR,25,0.16,0.0024906600249066002,0.004904966278356836
C3714756_Intellectual_Disability,RWR,50,0.22,0.00684931506849315,0.01328502415458937
C3714756_Intellectual_Disability,RWR,100,0.15,0.00933997509339975,0.017584994138335284
C3714756_Intellectual_Disability,RWR,200,0.135,0.016811955168119553,0.02990033222591362
C3714756_Intellectual_Disability,RWR,500,0.126,0.03922789539227895,0.059829059829059825
C3714756_Intellectual_Disability,RWR,750,0.15066666666666667,0.07036114570361146,0.09592529711375213
C3714756_Intellectual_Disability,RWR,1000,0.151,0.09402241594022416,0.11588641596316192
C3714756_Intellectual_Disability,RWR,1500,0.14133333333333334,0.1320049813200498,0.1365099806825499
C3714756_Intellectual_Disability,RWR,2000,0.1365,0.16998754669987548,0.15141430948419302
C3714756_Intellectual_Disability,RWR,2500,0.126,0.19613947696139478,0.1534339990258159
C3714756_Intellectual_Disability,RWR,3000,0.11766666666666667,0.21980074719800746,0.15327833260963958
C3714756_Intellectual_Disability,XG-PUL,25,0.68,0.010585305105853052,0.020846106683016556
C3714756_Intellectual_Disability,XG-PUL,50,0.6,0.0186799501867995,0.03623188405797101
C3714756_Intellectual_Disability,XG-PUL,100,0.51,0.031755915317559155,0.05978898007033998
C3714756_Intellectual_Disability,XG-PUL,200,0.45,0.05603985056039851,0.09966777408637875
C3714756_Intellectual_Disability,XG-PUL,500,0.37,0.11519302615193026,0.17568850902184235
C3714756_Intellectual_Disability,XG-PUL,750,0.33066666666666666,0.15442092154420922,0.2105263157894737
C3714756_Intellectual_Disability,XG-PUL,1000,0.311,0.19364881693648817,0.23867996930161162
C3714756_Intellectual_Disability,XG-PUL,1500,0.262,0.24470734744707348,0.25305859626529303
C3714756_Intellectual_Disability,XG-PUL,2000,0.2415,0.30074719800747196,0.2678868552412646
C3714756_Intellectual_Disability,XG-PUL,2500,0.2212,0.3443337484433375,0.26936190940087673
C3714756_Intellectual_Disability,XG-PUL,3000,0.203,0.3792029887920299,0.26443768996960487
C0005586_Bipolar_Disorder,XGDAG - GNNExplainer,25,0.2,0.008237232289950576,0.015822784810126583
C0005586_Bipolar_Disorder,XGDAG - GNNExplainer,50,0.14,0.011532125205930808,0.021308980213089804
C0005586_Bipolar_Disorder,XGDAG - GNNExplainer,100,0.13,0.0214168039538715,0.036775106082036775
C0005586_Bipolar_Disorder,XGDAG - GNNExplainer,200,0.105,0.03459637561779242,0.0520446096654275
C0005586_Bipolar_Disorder,XGDAG - GNNExplainer,500,0.066,0.054365733113673806,0.05962059620596206
C0005586_Bipolar_Disorder,XGDAG - GNNExplainer,750,0.056,0.06919275123558484,0.06190125276344878
C0005586_Bipolar_Disorder,XGDAG - GNNExplainer,1000,0.054,0.08896210873146623,0.0672059738643435
C0005586_Bipolar_Disorder,XGDAG - GNNExplainer,1500,0.05266666666666667,0.1301482701812191,0.07498813478879923
C0005586_Bipolar_Disorder,XGDAG - GNNExplainer,2000,0.0495,0.1630971993410214,0.0759493670886076
C0005586_Bipolar_Disorder,XGDAG - GNNExplainer,2500,0.0484,0.19934102141680396,0.07788863855809462
C0005586_Bipolar_Disorder,XGDAG - GNNExplainer,3000,0.048666666666666664,0.24052718286655683,0.08095370113667869
C0005586_Bipolar_Disorder,XGDAG - GraphSVX,25,0.2,0.008237232289950576,0.015822784810126583
C0005586_Bipolar_Disorder,XGDAG - GraphSVX,50,0.14,0.011532125205930808,0.021308980213089804
C0005586_Bipolar_Disorder,XGDAG - GraphSVX,100,0.13,0.0214168039538715,0.036775106082036775
C0005586_Bipolar_Disorder,XGDAG - GraphSVX,200,0.105,0.03459637561779242,0.0520446096654275
C0005586_Bipolar_Disorder,XGDAG - GraphSVX,500,0.066,0.054365733113673806,0.05962059620596206
C0005586_Bipolar_Disorder,XGDAG - GraphSVX,750,0.05733333333333333,0.07084019769357495,0.06337509211495948
C0005586_Bipolar_Disorder,XGDAG - GraphSVX,1000,0.054,0.08896210873146623,0.0672059738643435
C0005586_Bipolar_Disorder,XGDAG - GraphSVX,1500,0.052,0.128500823723229,0.07403891789273849
C0005586_Bipolar_Disorder,XGDAG - GraphSVX,2000,0.0485,0.15980230642504117,0.0744150364403529
C0005586_Bipolar_Disorder,XGDAG - GraphSVX,2500,0.0496,0.2042833607907743,0.07981976182813003
C0005586_Bipolar_Disorder,XGDAG - GraphSVX,3000,0.049,0.24217462932454695,0.08150817854172443
C0005586_Bipolar_Disorder,DIAMOnD,25,0.12,0.004942339373970346,0.00949367088607595
C0005586_Bipolar_Disorder,DIAMOnD,50,0.12,0.009884678747940691,0.0182648401826484
C0005586_Bipolar_Disorder,DIAMOnD,100,0.14,0.023064250411861616,0.039603960396039604
C0005586_Bipolar_Disorder,DIAMOnD,200,0.09,0.029654036243822075,0.04460966542750929
C0005586_Bipolar_Disorder,DIAMOnD,500,0.06,0.04942339373970346,0.05420054200542005
C0005586_Bipolar_Disorder,DIAMOnD,750,0.052,0.0642504118616145,0.05747973470891673
C0005586_Bipolar_Disorder,DIAMOnD,1000,0.046,0.0757825370675453,0.05724953329184816
C0005586_Bipolar_Disorder,DIAMOnD,1500,0.03133333333333333,0.07742998352553541,0.044613194114855245
C0005586_Bipolar_Disorder,DIAMOnD,2000,0.0235,0.07742998352553541,0.036056770233985416
C0005586_Bipolar_Disorder,DIAMOnD,2500,0.0188,0.07742998352553541,0.030254264563887998
C0005586_Bipolar_Disorder,DIAMOnD,3000,0.015666666666666666,0.07742998352553541,0.026060438037149986
C0005586_Bipolar_Disorder,MCL,25,0.12,0.004942339373970346,0.00949367088607595
C0005586_Bipolar_Disorder,MCL,50,0.1,0.008237232289950576,0.015220700152207
C0005586_Bipolar_Disorder,MCL,100,0.1,0.016474464579901153,0.028288543140028287
C0005586_Bipolar_Disorder,MCL,200,0.07,0.023064250411861616,0.03469640644361834
C0005586_Bipolar_Disorder,MCL,500,0.028,0.023064250411861616,0.025293586269196026
C0005586_Bipolar_Disorder,MCL,750,0.018666666666666668,0.023064250411861616,0.020633750921149593
C0005586_Bipolar_Disorder,MCL,1000,0.014,0.023064250411861616,0.017423771001866834
C0005586_Bipolar_Disorder,MCL,1500,0.009333333333333334,0.023064250411861616,0.013289036544850499
C0005586_Bipolar_Disorder,MCL,2000,0.007,0.023064250411861616,0.010740314537782894
C0005586_Bipolar_Disorder,MCL,2500,0.0056,0.023064250411861616,0.009011908593498551
C0005586_Bipolar_Disorder,MCL,3000,0.004666666666666667,0.023064250411861616,0.007762683670640422
C0005586_Bipolar_Disorder,RWR,25,0.04,0.0016474464579901153,0.0031645569620253164
C0005586_Bipolar_Disorder,RWR,50,0.08,0.006589785831960461,0.0121765601217656
C0005586_Bipolar_Disorder,RWR,100,0.06,0.009884678747940691,0.016973125884016973
C0005586_Bipolar_Disorder,RWR,200,0.065,0.0214168039538715,0.032218091697645605
C0005586_Bipolar_Disorder,RWR,500,0.05,0.04118616144975288,0.04516711833785004
C0005586_Bipolar_Disorder,RWR,750,0.05466666666666667,0.06754530477759473,0.0604274134119381
C0005586_Bipolar_Disorder,RWR,1000,0.054,0.08896210873146623,0.0672059738643435
C0005586_Bipolar_Disorder,RWR,1500,0.048,0.1186161449752883,0.068343616516374
C0005586_Bipolar_Disorder,RWR,2000,0.046,0.1515650741350906,0.07057920981971615
C0005586_Bipolar_Disorder,RWR,2500,0.0428,0.17627677100494235,0.06887672996459607
C0005586_Bipolar_Disorder,RWR,3000,0.04133333333333333,0.2042833607907743,0.0687551982256723
C0005586_Bipolar_Disorder,XG-PUL,25,0.32,0.013179571663920923,0.02531645569620253
C0005586_Bipolar_Disorder,XG-PUL,50,0.28,0.023064250411861616,0.04261796042617961
C0005586_Bipolar_Disorder,XG-PUL,100,0.18,0.029654036243822075,0.050919377652050915
C0005586_Bipolar_Disorder,XG-PUL,200,0.16,0.05271828665568369,0.07930607187112762
C0005586_Bipolar_Disorder,XG-PUL,500,0.164,0.13509060955518945,0.14814814814814814
C0005586_Bipolar_Disorder,XG-PUL,750,0.14666666666666667,0.1812191103789127,0.1621223286661754
C0005586_Bipolar_Disorder,XG-PUL,1000,0.132,0.21746293245469522,0.164281269446173
C0005586_Bipolar_Disorder,XG-PUL,1500,0.10733333333333334,0.2652388797364086,0.15282392026578073
C0005586_Bipolar_Disorder,XG-PUL,2000,0.091,0.29983525535420097,0.13962408899117762
C0005586_Bipolar_Disorder,XG-PUL,2500,0.0812,0.3344316309719934,0.13067267460572898
C0005586_Bipolar_Disorder,XG-PUL,3000,0.07433333333333333,0.3673805601317957,0.123648461325201
